	author	intl_frac	weight	pub_date_avg	books	wordcount	ethnicity	corpus
79	Zangwill, Israel	0.8211092117286246	4.140316333366747	1899.3333333333333	3	352912		London
38	Levy, Amy	0.8133333333333334	0.9885506090099505	1889.0	1	27783		London
43	MacFall, Haldane	0.7379999999999997	0.8351738718764006	1905.0	1	219235		London
22	Firbank, Ronald	0.7135102327669438	2.3094061347008754	1916.0	2	91216		London
44	Marsh, Richard	0.7015873015873024	0.8595764927272498	1897.0	1	134197		London
61	Silberrad, Una	0.6994219653179192	0.4737263553606076	1907.0	1	133732		London
39	Lewis, Wyndham	0.6921052631578934	0.5349315986907859	1930.0	1	260137		London
14	Buchan, John	0.666666666666669	1.9493957945159457	1916.0	1	113275		London
35	Johnson, Pamela Hansford	0.6666666666666669	0.1858614514825781	1935.0	1	106395		London
29	Hay, Ian	0.6417910447761195	0.4834734781530364	1919.0	1	50748		London
59	Sangster, Rena U. N.	0.6210045662100463	1.3795760095087146	1909.0	1	58132		London
12	Blumenfeld, Simon	0.6192170818505336	0.9451634140647949	1935.0	1	108872		London
21	Ervine, John St. John	0.6102941176470595	0.6169161207722619	1915.0	1	80729		London
31	Hill, Robert H.	0.6073298429319363	2.8985101873902486	1934.0	1	72393		London
76	Whiteing, Richard	0.6057622334504941	6.287663015506266	1901.8333333333333	6	555852		London
50	Powell , Anthony	0.6041666666666666	0.5056028823080065	1931.0	1	69531		London
13	Bowen, Elizabeth	0.5968020471490856	1.9790375225970502	1935.0	2	261159		London
64	Smith, Stevie	0.591999999999998	1.3123331359987829	1936.0	1	69761		London
36	Keeling, Annie E	0.5906432748538	1.1946045437700317	1886.0	1	52419		London
32	Hume, Fergus W. 	0.572936676681163	3.022798527183376	1897.0	3	332814		London
68	Tomlinson, Henry	0.5714285714285716	1.6828352489478082	1921.0	1	53314		London
46	Morgan, William De	0.5637698148932212	4.935864797738198	1911.6666666666667	9	2457589		London
62	Silberrad, Una L	0.5260363811573738	1.0931174945982574	1906.3333333333333	3	428804		London
48	Murray, David Christie	0.5218446601941751	0.7227247914650936	1880.0	1	208757		London
57	Rohmer, Sax	0.5107692307692306	1.0975559175046548	1916.0	1	108436		London
52	Pugh, Edwin	0.5028753903316208	2.2612038807025177	1908.6	5	383067		London
41	Lucas, E. V.	0.5019841269841318	1.731452118309781	1906.0	1	106595		London
53	Raymond, Ernest	0.49988321650181194	3.011202289933427	1931.3333333333333	3	605180		London
30	Hichens, Robert	0.49636981779736256	1.3738342452491163	1897.5	2	339162		London
25	Galsworthy, John	0.4720504643007458	6.877463158610945	1918.7142857142858	7	830042		London
9	Besant , Walter	0.4670050761421317	1.0292350262158916	1882.0	1	70092		London
73	Waugh, Alec	0.46017699115044186	0.735619780436175	1925.0	1	112505		London
40	Lucas , E. V.	0.45757997218358826	3.2114464047420106	1908.0	1	81987		London
19	Dickberry, F	0.4507389162561567	1.758384293475901	1904.0	1	84553		London
42	Lyons, Neil	0.4479317797071949	3.3765550265872486	1914.2	5	383343		London
67	Thomas, Edward	0.44660194174757295	1.3805162441611	1913.0	1	81966		London
74	Waugh, Evelyn	0.44484075973434123	2.041375717499678	1929.0	2	155770		London
65	Snaith, John Collins	0.44448049140748946	3.6800773695720186	1908.5	4	472102		London
37	Lawless, Emily	0.44412607449856667	0.7195972048657358	1882.0	1	177604		London
20	Dixon, Ella Hepworth	0.4436363636363643	1.3293113387601525	1894.0	1	75757		London
11	Blackmore, R. D.	0.4380165289256186	0.5910133141237391	1890.0	1	74973		London
33	Huxley, Aldous	0.4354838709677422	0.6185788641919691	1923.0	1	110112		London
66	Tey, Josephine	0.4319055201884743	1.3801878181363583	1930.0	2	179653		London
60	Sayer, Dorothy	0.4251351626542179	2.01802335550889	1932.0	3	456251		London
23	Fletcher, J. S.	0.42307692307692313	1.1145702709895031	1919.0	1	93967		London
63	Sims, George R	0.4192825112107602	1.2244693116890615	1900.0	1	133384		London
54	Richardson, Dorothy	0.4072249998748281	5.615482726706715	1923.0	6	449965		London
27	Grossmith, George and Weedon	0.3980582524271846	0.7082614744713093	1894.0	1	53255		London
2	Arlen, Michael	0.39506172839505915	1.1936135997317265	1923.0	1	74552		London
10	Besant, Walter	0.3905325443786992	0.836273420418873	1886.0	1	74004		London
17	Corelli , Marie	0.375	0.4077368825070519	1897.0	1	14370		London
26	Gissing, George	0.3731647973242218	10.719592956513667	1893.3333333333333	12	1226343		London
51	Priestley, J. B.	0.3729581160929475	2.0118330105577296	1933.0	2	395376		London
1	Aldington, Richard	0.3724696356275281	0.6543046573900917	1934.0	1	138240		London
18	Dawson, William J	0.3525423728813559	1.1559425696055372	1895.0	1	93455		London
34	James, Henry	0.35185185185184986	0.7042951300155106	1886.0	1	84232		London
56	Ridge, William Pett	0.3495199700787204	23.53027979958062	1906.1176470588234	17	1500268		London
0	Adcock, Arthur St. John	0.3478260869565214	0.5198154548440324	1897.0	1	32406		London
69	Wallace, Edgar	0.3379131387658494	2.817659927298016	1914.5	2	189868		London
8	Beresford, J. D.	0.3333333333333335	0.5796784520964327	1933.0	1	104235		London
24	Forster, E.M.	0.3174603174603179	1.9285295871688122	1910.0	1	47851		London
75	West, Rebecca	0.31034482758620674	0.5872592813625447	1929.0	1	90418		London
7	Benson, E. F.	0.3073146508454284	2.814896370475253	1921.5	2	153863		London
16	Burke, Thomas	0.30315848166395526	9.220266937373452	1925.142857142857	7	465118		London
47	Morrison, Arthur	0.30093112225907204	3.5338377936225034	1897.75	4	299999		London
3	Baker, Henry Barton	0.2888368462138996	3.875134393061911	1899.0	1	121054		London
5	Bennett, Arnold	0.28217222685846854	1.570557525431855	1910.5	2	179339		London
4	Bell, Adrian	0.28205128205128205	0.20347849798347567	1934.0	1	70188		London
28	Hamilton, Patrick	0.28009259259259256	0.65255863845162	1935.0	1	242427		London
15	Burke , Thomas	0.2716417910447735	1.0685739203037452	1938.0	1	114804		London
77	Woolf, Virginia	0.25843204026765276	1.7153723204366338	1922.0	2	278316		London
71	Ward, E. 	0.24561403508771862	0.28306268145663616	1893.0	1	73741		London
55	Riddell, Charlotte	0.23666666666666614	0.5711650867486388	1900.0	1	192343		London
6	Benson , E. F.	0.21666666666666667	1.1600190727046493	1937.0	1	18941		London
70	Walpole, Hugh	0.20997375328083945	0.6867104057420089	1913.0	1	203174		London
78	Yorke, Curtis	0.20289855072463736	1.4536710070482999	1891.0	1	52146		London
72	Warden , Florence	0.16438356164383572	1.4754666185517262	1887.0	1	54354		London
58	Rook, Clarence	0.1428571428571429	0.7245418165605841	1899.0	1	67221		London
45	Maugham, W. Somerset	0.13157894736842068	0.29473979897194724	1897.0	1	47213		London
49	Oliphant, Margaret	0.04016064257028129	1.8265554218226774	1894.0	1	49921		London
